radius,site,node,density,cum_muts,cum_length
13,3,INTNODE2304,0.00909090909090909,1,110
23,3,INTNODE2304,0.00694444444444444,1,144
30,3,INTNODE2304,0.00772200772200772,2,259
32,3,INTNODE2304,0.0245901639344262,3,122
33,3,INTNODE2304,0.0140845070422535,1,71
34,3,INTNODE2304,0.025,1,40
36,3,INTNODE2304,0.0175438596491228,1,57
47,3,INTNODE2304,0.0123456790123457,1,81
48,3,INTNODE2304,0.05,1,20
55,3,INTNODE2304,0.00193050193050193,1,518
57,3,INTNODE2304,0.00609756097560976,1,164
2,3,INTNODE2213,0.5,1,2
5,3,INTNODE2209,0.0126582278481013,1,79
16,4,INTNODE1233,0.0384615384615385,1,26
46,4,INTNODE2429,0.00680272108843537,1,147
213,4,INTNODE2429,0.000348675034867503,1,2868
4,7,INTNODE1628,0.0147058823529412,1,68
5,7,INTNODE1628,0.125,2,16
9,7,INTNODE1628,0.111111111111111,1,9
88,11,INTNODE2401,0.000429000429000429,1,2331
91,12,INTNODE2406,0.00110619469026549,1,904
118,12,INTNODE2406,0.00121359223300971,1,824
126,12,INTNODE2406,0.00120772946859903,1,828
143,12,INTNODE2406,0.00274725274725275,1,364
33,13,INTNODE2429,0.010989010989011,1,91
54,13,INTNODE2429,0.00961538461538462,1,104
87,13,INTNODE2429,0.00404858299595142,1,247
119,13,INTNODE2406,0.000548847420417124,1,1822
129,13,INTNODE2406,0.00121212121212121,1,825
19,15,INTNODE1235,0.0333333333333333,1,30
103,16,INTNODE2402,0.000609756097560976,1,1640
104,16,INTNODE2402,0.0104166666666667,1,96
29,36,INTNODE1224,0.027027027027027,1,37
11,52,INTNODE2226,0.00277392510402219,2,721
13,52,INTNODE2226,0.00591715976331361,1,169
5,53,INTNODE1999,0.0833333333333333,1,12
23,53,INTNODE2283,0.00636942675159236,1,157
67,60,INTNODE2435,0.00431034482758621,1,232
140,60,INTNODE2435,0.00280112044817927,1,357
91,71,INTNODE2406,0.00110619469026549,1,904
119,71,INTNODE2406,0.00108695652173913,1,920
143,71,INTNODE2406,0.000899280575539568,1,1112
7,73,INTNODE2425,0.0666666666666667,1,15
46,73,INTNODE2425,0.00531914893617021,1,188
175,73,INTNODE2425,0.000376506024096386,1,2656
9,73,INTNODE1254,0.0769230769230769,1,13
34,74,INTNODE2402,0.00680272108843537,1,147
105,74,INTNODE2402,0.000609013398294762,1,1642
107,74,INTNODE2402,0.00434782608695652,1,230
108,74,INTNODE2402,0.00775193798449612,1,129
5,75,INTNODE1222,0.111111111111111,1,9
98,78,INTNODE2434,0.00272479564032698,1,367
248,78,INTNODE2434,0.000432525951557093,1,2312
251,78,INTNODE2434,0.00307692307692308,1,325
248,85,INTNODE2434,0.000366434591425431,1,2729
252,85,INTNODE2434,0.00240963855421687,1,415
256,85,INTNODE2434,0.00549450549450549,1,182
260,85,INTNODE2434,0.0151515151515152,1,66
47,86,INTNODE2399,0.0012853470437018,1,778
74,86,INTNODE2399,0.000844594594594595,1,1184
21,88,INTNODE2428,0.0303030303030303,1,33
36,88,INTNODE2428,0.0123456790123457,1,81
102,88,INTNODE2428,0.00319488817891374,1,313
59,88,INTNODE2401,0.00113636363636364,1,880
88,88,INTNODE2401,0.000689179875947622,1,1451
97,88,INTNODE2401,0.00561797752808989,1,178
103,88,INTNODE2401,0.0136986301369863,1,73
39,90,INTNODE2434,0.010989010989011,1,91
30,90,INTNODE2429,0.0128205128205128,1,78
70,90,INTNODE2429,0.00546448087431694,1,183
183,90,INTNODE2429,0.000881834215167548,1,1134
185,90,INTNODE2429,0.00746268656716418,1,134
68,91,INTNODE2428,0.00347222222222222,1,288
68,91,INTNODE2404,0.00199600798403194,1,501
69,91,INTNODE2404,0.0175438596491228,1,57
96,91,INTNODE2404,0.00120627261761158,1,829
113,91,INTNODE2404,0.00271739130434783,1,368
115,91,INTNODE2404,0.00510204081632653,1,196
127,97,INTNODE2429,0.00156985871271586,1,637
36,97,INTNODE2401,0.00314465408805031,1,318
78,97,INTNODE2401,0.000966183574879227,1,1035
87,97,INTNODE2401,0.00111234705228031,1,899
103,97,INTNODE2401,0.00323624595469256,1,309
9,99,INTNODE1465,0.0476190476190476,1,21
29,99,INTNODE2298,0.00235849056603774,1,424
33,99,INTNODE2298,0.00213219616204691,1,469
34,99,INTNODE2298,0.0116279069767442,1,86
43,99,INTNODE2298,0.00318471337579618,1,314
88,102,INTNODE2402,0.000705218617771509,1,1418
18,106,INTNODE1237,0.037037037037037,1,27
96,111,INTNODE2428,0.0026246719160105,1,381
124,111,INTNODE2428,0.00377358490566038,1,265
135,111,INTNODE2428,0.00854700854700855,1,117
153,111,INTNODE2428,0.00247524752475248,1,404
155,111,INTNODE2428,0.0208333333333333,1,48
160,111,INTNODE2428,0.00497512437810945,1,201
161,111,INTNODE2428,0.0178571428571429,1,56
30,111,INTNODE2298,0.00191570881226054,1,522
31,111,INTNODE2298,0.00757575757575758,1,132
35,111,INTNODE2298,0.00238095238095238,1,420
14,113,INTNODE2433,0.0714285714285714,1,14
34,113,INTNODE2433,0.0196078431372549,1,51
97,113,INTNODE2429,0.00196850393700787,1,508
167,113,INTNODE2429,0.00144927536231884,1,690
183,113,INTNODE2429,0.00325732899022801,1,307
184,113,INTNODE2429,0.0144927536231884,1,69
209,113,INTNODE2429,0.000953288846520496,1,1049
210,113,INTNODE2429,0.0155038759689922,2,129
213,113,INTNODE2429,0.00343642611683849,1,291
230,113,INTNODE2429,0.00274725274725275,1,364
280,128,INTNODE2435,0.000403225806451613,1,2480
64,138,INTNODE2429,0.00588235294117647,1,170
10,138,INTNODE2416,0.0476190476190476,1,21
127,138,INTNODE2416,0.00099304865938431,1,1007
153,138,INTNODE2416,0.00130718954248366,1,765
159,138,INTNODE2416,0.00251889168765743,1,397
160,138,INTNODE2416,0.00763358778625954,1,131
162,138,INTNODE2416,0.00421940928270042,1,237
45,142,INTNODE1234,0.0138888888888889,1,72
11,142,INTNODE2406,0.0212765957446809,1,47
50,142,INTNODE2406,0.00478468899521531,1,209
51,142,INTNODE2406,0.0666666666666667,1,15
70,142,INTNODE2406,0.00657894736842105,1,152
97,142,INTNODE2406,0.00294117647058824,2,680
100,142,INTNODE2406,0.00469483568075117,1,213
104,142,INTNODE2406,0.00467289719626168,1,214
118,142,INTNODE2406,0.0053475935828877,1,187
119,142,INTNODE2406,0.0315789473684211,3,95
120,142,INTNODE2406,0.0103092783505155,1,97
122,142,INTNODE2406,0.0043859649122807,1,228
123,142,INTNODE2406,0.00775193798449612,1,129
124,142,INTNODE2406,0.0181818181818182,2,110
125,142,INTNODE2406,0.0253164556962025,2,79
129,142,INTNODE2406,0.00436681222707424,1,229
2,142,INTNODE1786,0.5,1,2
135,144,INTNODE2406,0.000359841669665347,1,2779
31,145,INTNODE2429,0.0120481927710843,1,83
59,145,INTNODE2429,0.0128205128205128,1,78
21,145,INTNODE2426,0.0166666666666667,1,60
152,145,INTNODE2426,0.000865800865800866,1,1155
153,145,INTNODE2426,0.0144927536231884,1,69
155,145,INTNODE2426,0.008,1,125
156,145,INTNODE2426,0.0128205128205128,1,78
2,145,INTNODE1594,0.25,1,4
2,145,INTNODE2297,0.166666666666667,1,6
29,146,INTNODE1224,0.027027027027027,1,37
17,146,INTNODE1238,0.0555555555555556,1,18
17,151,INTNODE2425,0.0144927536231884,1,69
18,151,INTNODE2425,0.1,1,10
32,151,INTNODE2425,0.0120481927710843,1,83
59,151,INTNODE2425,0.0153846153846154,2,130
67,151,INTNODE2425,0.0333333333333333,1,30
29,155,INTNODE1224,0.027027027027027,1,37
68,155,INTNODE2428,0.00694444444444444,2,288
92,155,INTNODE2404,0.000904159132007233,1,1106
93,155,INTNODE2404,0.0166666666666667,1,60
94,155,INTNODE2404,0.0121951219512195,1,82
16,156,INTNODE1247,0.0625,1,16
37,156,INTNODE1247,0.027027027027027,1,37
10,157,INTNODE2228,0.0161290322580645,1,62
18,157,INTNODE2228,0.00133868808567604,1,747
19,157,INTNODE2228,0.0108695652173913,1,92
21,157,INTNODE2228,0.00952380952380952,1,105
14,157,INTNODE2280,0.0102040816326531,1,98
22,162,INTNODE2298,0.00952380952380952,1,105
7,162,INTNODE2226,0.00696864111498258,2,287
11,162,INTNODE2226,0.00230414746543779,1,434
15,162,INTNODE2226,0.00364963503649635,1,274
5,165,INTNODE1457,0.142857142857143,1,7
26,169,INTNODE1233,0.0232558139534884,1,43
130,169,INTNODE2434,0.00170940170940171,1,585
132,169,INTNODE2434,0.0666666666666667,1,15
136,169,INTNODE2434,0.0833333333333333,1,12
149,169,INTNODE2434,0.0169491525423729,1,59
178,169,INTNODE2434,0.00531914893617021,1,188
185,169,INTNODE2434,0.025974025974026,2,77
188,169,INTNODE2434,0.0769230769230769,1,13
15,169,INTNODE2394,0.00657894736842105,1,152
16,169,INTNODE2394,0.0175438596491228,1,57
45,169,INTNODE2394,0.00122850122850123,1,814
59,169,INTNODE2394,0.00606060606060606,1,165
60,169,INTNODE2394,0.0116279069767442,1,86
61,169,INTNODE2394,0.0217391304347826,2,92
63,169,INTNODE2394,0.00485436893203883,1,206
64,169,INTNODE2394,0.0458715596330275,5,109
66,169,INTNODE2394,0.0172413793103448,3,174
67,169,INTNODE2394,0.0384615384615385,3,78
69,169,INTNODE2394,0.021978021978022,2,91
6,169,INTNODE1760,0.0666666666666667,1,15
2,169,INTNODE2065,0.5,1,2
4,169,INTNODE2062,0.0666666666666667,1,15
11,170,INTNODE1248,0.0555555555555556,1,18
32,171,INTNODE2435,0.0153846153846154,1,65
36,171,INTNODE2435,0.0277777777777778,1,36
39,171,INTNODE2434,0.010989010989011,1,91
23,171,INTNODE2429,0.0333333333333333,1,30
32,171,INTNODE2429,0.0188679245283019,1,53
33,171,INTNODE2429,0.142857142857143,1,7
81,171,INTNODE2429,0.00342465753424658,1,292
208,171,INTNODE2429,0.000478240076518412,1,2091
211,171,INTNODE2429,0.00269541778975741,1,371
45,172,INTNODE1234,0.0138888888888889,1,72
5,173,INTNODE2405,0.0714285714285714,1,14
75,173,INTNODE2405,0.00159235668789809,1,628
118,173,INTNODE2405,0.000859106529209622,1,1164
65,176,INTNODE2434,0.00588235294117647,1,170
103,176,INTNODE2434,0.00440528634361234,1,227
106,176,INTNODE2434,0.0588235294117647,1,17
114,176,INTNODE2434,0.0138888888888889,1,72
131,176,INTNODE2434,0.010752688172043,1,93
171,176,INTNODE2434,0.00555555555555556,1,180
178,176,INTNODE2434,0.01,1,100
179,176,INTNODE2434,0.04,1,25
200,176,INTNODE2434,0.00393700787401575,1,254
226,176,INTNODE2434,0.00133868808567604,1,747
230,176,INTNODE2434,0.00444444444444444,1,225
242,176,INTNODE2434,0.00970873786407767,1,103
245,176,INTNODE2434,0.00555555555555556,1,180
246,176,INTNODE2434,0.0204081632653061,2,98
247,176,INTNODE2434,0.0102040816326531,1,98
250,176,INTNODE2434,0.00824175824175824,3,364
251,176,INTNODE2434,0.0116279069767442,1,86
253,176,INTNODE2434,0.0133333333333333,2,150
257,176,INTNODE2434,0.00684931506849315,1,146
130,178,INTNODE2426,0.00121506682867558,1,823
136,178,INTNODE2426,0.00632911392405063,1,158
144,178,INTNODE2426,0.00934579439252336,1,107
170,178,INTNODE2426,0.00129032258064516,1,775
176,178,INTNODE2426,0.00319488817891374,1,313
177,178,INTNODE2426,0.0102040816326531,1,98
178,178,INTNODE2426,0.00757575757575758,1,132
189,178,INTNODE2426,0.00154559505409583,1,647
52,179,INTNODE2429,0.00520833333333333,1,192
59,179,INTNODE2429,0.015625,1,64
134,179,INTNODE2429,0.00266666666666667,1,375
155,179,INTNODE2429,0.00523560209424084,1,191
167,179,INTNODE2429,0.00606060606060606,1,165
188,179,INTNODE2429,0.00161812297734628,1,618
29,179,INTNODE1241,0.027027027027027,1,37
7,179,INTNODE2392,0.00925925925925926,1,108
13,182,INTNODE2305,0.00847457627118644,1,118
31,182,INTNODE2305,0.00232018561484919,1,431
48,182,INTNODE2305,0.0022271714922049,1,449
56,182,INTNODE2305,0.0015527950310559,1,644
4,182,INTNODE2215,0.125,1,8
75,184,INTNODE2435,0.00515463917525773,1,194
23,184,INTNODE2429,0.0333333333333333,1,30
64,184,INTNODE2429,0.004,1,250
74,184,INTNODE2429,0.0114942528735632,1,87
159,184,INTNODE2429,0.00181159420289855,1,552
170,184,INTNODE2429,0.00344827586206897,1,290
159,186,INTNODE2429,0.00106609808102345,1,938
161,186,INTNODE2429,0.0208333333333333,2,96
183,186,INTNODE2429,0.00226244343891403,1,442
210,186,INTNODE2429,0.000801924619085806,1,1247
211,186,INTNODE2429,0.00909090909090909,1,110
216,186,INTNODE2429,0.00325732899022801,1,307
3,186,INTNODE2341,0.125,1,8
41,199,INTNODE2394,0.00113378684807256,1,882
42,199,INTNODE2394,0.0121951219512195,1,82
4,200,INTNODE2003,0.25,1,4
160,201,INTNODE2434,0.00143884892086331,1,695
198,201,INTNODE2434,0.00286532951289398,1,349
201,201,INTNODE2434,0.0065359477124183,1,153
202,201,INTNODE2434,0.032258064516129,1,31
208,201,INTNODE2434,0.0106382978723404,1,94
251,201,INTNODE2434,0.000584453535943892,1,1711
254,201,INTNODE2434,0.005,1,200
67,202,INTNODE2435,0.00460829493087558,1,217
75,202,INTNODE2435,0.0294117647058824,1,34
48,202,INTNODE2429,0.00625,1,160
56,202,INTNODE2429,0.02,1,50
73,202,INTNODE2429,0.00609756097560976,1,164
87,202,INTNODE2429,0.0153846153846154,1,65
12,202,INTNODE2406,0.0204081632653061,1,49
21,202,INTNODE2406,0.0232558139534884,1,43
23,202,INTNODE2406,0.142857142857143,1,7
34,202,INTNODE2406,0.0555555555555556,1,18
51,202,INTNODE2406,0.0065359477124183,1,153
80,202,INTNODE2406,0.00219298245614035,1,456
101,202,INTNODE2406,0.00155763239875389,1,642
2,202,INTNODE1911,0.125,1,8
5,202,INTNODE1911,0.0196078431372549,1,51
10,202,INTNODE1911,0.025,1,40
2,202,INTNODE2080,0.0909090909090909,1,11
3,202,INTNODE2080,0.0666666666666667,1,15
10,202,INTNODE2080,0.00709219858156028,1,141
7,202,INTNODE2079,0.0111111111111111,1,90
9,202,INTNODE2079,0.0666666666666667,1,15
16,203,INTNODE1237,0.0625,1,16
27,203,INTNODE1234,0.024390243902439,1,41
9,203,INTNODE1737,0.0714285714285714,1,14
2,203,INTNODE1941,0.0909090909090909,1,11
4,203,INTNODE1932,0.0588235294117647,1,17
2,203,INTNODE1979,0.2,1,5
2,203,INTNODE2029,0.166666666666667,1,6
3,203,INTNODE2026,0.0666666666666667,1,15
4,203,INTNODE2046,0.153846153846154,2,13
13,203,INTNODE2076,0.0625,1,16
4,203,INTNODE2175,0.25,1,4
2,203,INTNODE2206,0.5,1,2
6,203,INTNODE2255,0.111111111111111,1,9
4,203,INTNODE2348,0.166666666666667,1,6
30,205,INTNODE2429,0.0128205128205128,1,78
74,205,INTNODE2429,0.00440528634361234,1,227
87,205,INTNODE2429,0.0178571428571429,1,56
73,205,INTNODE2406,0.00200803212851406,1,498
74,205,INTNODE2406,0.0153846153846154,1,65
76,205,INTNODE2406,0.0123456790123457,1,81
96,205,INTNODE2406,0.00280898876404494,1,356
97,205,INTNODE2406,0.0144927536231884,1,69
100,205,INTNODE2406,0.00469483568075117,1,213
104,205,INTNODE2406,0.00452488687782805,1,221
117,205,INTNODE2406,0.0185185185185185,1,54
123,205,INTNODE2406,0.0625,1,16
20,205,INTNODE2233,0.00314465408805031,1,318
22,205,INTNODE2233,0.00943396226415094,2,212
27,205,INTNODE2233,0.00238095238095238,1,420
30,205,INTNODE2233,0.02,2,100
34,205,INTNODE2233,0.0263157894736842,1,38
17,205,INTNODE2282,0.00819672131147541,1,122
41,206,INTNODE2435,0.0072992700729927,1,137
162,206,INTNODE2435,0.00184162062615101,1,543
163,206,INTNODE2435,0.0344827586206897,1,29
55,206,INTNODE2406,0.00301204819277108,1,332
57,206,INTNODE2406,0.0909090909090909,1,11
116,206,INTNODE2406,0.000768639508070715,1,1301
117,206,INTNODE2406,0.0357142857142857,1,28
120,206,INTNODE2406,0.00961538461538462,2,208
122,206,INTNODE2406,0.00675675675675676,1,148
134,206,INTNODE2406,0.0078740157480315,1,127
5,206,INTNODE2084,0.0099009900990099,1,101
13,206,INTNODE2084,0.00238095238095238,1,420
103,207,INTNODE2425,0.00173310225303293,1,577
110,207,INTNODE2425,0.0196078431372549,1,51
29,209,INTNODE1224,0.027027027027027,1,37
56,209,INTNODE2429,0.00478468899521531,1,209
53,209,INTNODE2406,0.00317460317460317,1,315
118,209,INTNODE2406,0.000707714083510262,1,1413
119,209,INTNODE2406,0.0104166666666667,1,96
126,210,INTNODE2434,0.00182481751824818,1,548
72,210,INTNODE2406,0.00214132762312634,1,467
102,210,INTNODE2406,0.00103305785123967,1,968
120,210,INTNODE2406,0.00214592274678112,1,466
134,210,INTNODE2406,0.00122399020807834,1,817
29,211,INTNODE1224,0.027027027027027,1,37
119,223,INTNODE2404,0.0004151100041511,1,2409
121,223,INTNODE2404,0.00666666666666667,1,150
123,232,INTNODE2435,0.00226757369614512,1,441
134,232,INTNODE2435,0.0181818181818182,1,55
111,232,INTNODE2418,0.00149925037481259,1,667
2,232,INTNODE1315,0.166666666666667,1,6
40,238,INTNODE2434,0.00943396226415094,1,106
85,238,INTNODE2434,0.00680272108843537,1,147
98,238,INTNODE2434,0.0175438596491228,1,57
3,238,INTNODE2422,0.142857142857143,1,7
6,238,INTNODE2422,0.133333333333333,2,15
19,238,INTNODE2422,0.0185185185185185,1,54
22,238,INTNODE2422,0.285714285714286,2,7
26,238,INTNODE2422,0.0454545454545455,1,22
39,238,INTNODE2422,0.025,1,40
45,238,INTNODE2422,0.027027027027027,1,37
52,238,INTNODE2422,0.0555555555555556,2,36
60,238,INTNODE2422,0.0333333333333333,1,30
65,238,INTNODE2422,0.0416666666666667,1,24
66,238,INTNODE2422,0.5,1,2
87,238,INTNODE2422,0.0111111111111111,1,90
91,238,INTNODE2422,0.0350877192982456,2,57
92,238,INTNODE2422,0.0833333333333333,1,12
101,238,INTNODE2422,0.0106382978723404,1,94
115,238,INTNODE2422,0.01,2,200
121,238,INTNODE2422,0.00632911392405063,1,158
138,238,INTNODE2422,0.00265957446808511,1,376
140,238,INTNODE2422,0.00763358778625954,1,131
141,238,INTNODE2422,0.0121951219512195,1,82
143,238,INTNODE2422,0.00714285714285714,1,140
145,238,INTNODE2422,0.0117647058823529,1,85
162,238,INTNODE2422,0.00208768267223382,1,479
163,238,INTNODE2422,0.00757575757575758,1,132
164,238,INTNODE2422,0.00775193798449612,1,129
165,238,INTNODE2422,0.0181818181818182,2,110
167,238,INTNODE2422,0.00552486187845304,1,181
174,238,INTNODE2422,0.00440528634361234,1,227
6,238,INTNODE1364,0.125,1,8
29,240,INTNODE1224,0.027027027027027,1,37
20,240,INTNODE1247,0.05,1,20
58,240,INTNODE1247,0.0117647058823529,1,85
3,240,INTNODE2421,0.111111111111111,1,9
161,240,INTNODE2421,0.000450653447498873,1,2219
163,240,INTNODE2421,0.00384615384615385,1,260
28,251,INTNODE2432,0.0227272727272727,1,44
28,257,INTNODE2432,0.0227272727272727,1,44
134,261,INTNODE2435,0.0018450184501845,1,542
215,261,INTNODE2435,0.00204918032786885,1,488
237,261,INTNODE2435,0.00320512820512821,1,312
283,261,INTNODE2435,0.000717875089734386,1,1393
292,261,INTNODE2435,0.00138312586445367,1,723
305,261,INTNODE2435,0.00625,1,160
8,268,INTNODE1233,0.0833333333333333,1,12
20,269,INTNODE2428,0.0333333333333333,1,30
123,269,INTNODE2423,0.00104602510460251,1,956
130,269,INTNODE2423,0.0140845070422535,1,71
161,269,INTNODE2423,0.00290697674418605,1,344
14,277,INTNODE1249,0.0384615384615385,1,26
18,277,INTNODE1249,0.0909090909090909,1,11
28,277,INTNODE1249,0.0588235294117647,1,17
20,277,INTNODE1247,0.05,1,20
22,287,INTNODE2401,0.0136986301369863,1,73
63,287,INTNODE2401,0.00092678405931418,1,1079
123,289,INTNODE2429,0.00165016501650165,1,606
127,289,INTNODE2429,0.04,1,25
14,289,INTNODE1354,0.0135135135135135,1,74
11,289,INTNODE2401,0.03125,1,32
13,289,INTNODE2401,0.1,1,10
17,289,INTNODE2399,0.0169491525423729,1,59
22,289,INTNODE2399,0.0333333333333333,2,60
44,289,INTNODE2399,0.00251889168765743,1,397
52,289,INTNODE2399,0.00236406619385343,1,423
55,289,INTNODE2399,0.0181818181818182,1,55
71,289,INTNODE2399,0.00340715502555366,2,587
73,289,INTNODE2399,0.00465116279069767,1,215
17,290,INTNODE2230,0.00325732899022801,1,307
20,290,INTNODE2230,0.00307692307692308,1,325
31,290,INTNODE2230,0.00219298245614035,1,456
222,292,INTNODE2433,0.00051150895140665,1,1955
257,292,INTNODE2433,0.000688231245698555,1,1453
97,293,INTNODE2415,0.00246913580246914,1,405
110,293,INTNODE2415,0.00367647058823529,1,272
147,293,INTNODE2415,0.00109769484083425,1,911
154,293,INTNODE2415,0.00191938579654511,1,521
159,293,INTNODE2415,0.00210526315789474,1,475
4,299,INTNODE1264,0.142857142857143,1,7
160,311,INTNODE2423,0.000515463917525773,1,1940
164,311,INTNODE2423,0.00235849056603774,1,424
170,311,INTNODE2423,0.00187617260787992,1,533
31,326,INTNODE2400,0.00377358490566038,1,265
32,326,INTNODE2400,0.032258064516129,1,31
38,326,INTNODE2400,0.0106382978723404,1,94
52,326,INTNODE2400,0.00373134328358209,1,268
57,326,INTNODE2400,0.00483091787439614,1,207
77,326,INTNODE2400,0.00178571428571429,1,560
79,326,INTNODE2400,0.00383141762452107,1,261
82,326,INTNODE2400,0.00343642611683849,1,291
3,337,INTNODE1225,0.333333333333333,1,3
17,358,INTNODE1238,0.0555555555555556,1,18
16,361,INTNODE1247,0.0625,1,16
44,361,INTNODE2395,0.00102986611740474,1,971
60,361,INTNODE2395,0.00364963503649635,1,274
9,398,INTNODE1288,0.0238095238095238,1,42
48,415,INTNODE2429,0.00625,1,160
162,415,INTNODE2429,0.00106609808102345,1,938
169,415,INTNODE2429,0.00719424460431655,1,139
208,415,INTNODE2429,0.000797448165869219,1,1254
19,418,INTNODE2406,0.012987012987013,1,77
76,418,INTNODE2406,0.00171526586620926,1,583
94,418,INTNODE2406,0.00318471337579618,1,314
98,418,INTNODE2406,0.00510204081632653,1,196
99,418,INTNODE2406,0.0166666666666667,1,60
130,418,INTNODE2406,0.000657894736842105,1,1520
6,467,INTNODE1354,0.1,1,10
14,467,INTNODE1354,0.0196078431372549,1,51
17,467,INTNODE1354,0.0333333333333333,1,30
42,467,INTNODE1354,0.0135135135135135,1,74
16,467,INTNODE2283,0.00961538461538462,1,104
20,467,INTNODE2283,0.024390243902439,1,41
64,470,INTNODE2434,0.00617283950617284,1,162
156,470,INTNODE2428,0.000808407437348424,1,1237
185,470,INTNODE2428,0.000765110941086458,1,1307
186,470,INTNODE2428,0.00917431192660551,1,109
69,488,INTNODE2434,0.00543478260869565,1,184
199,488,INTNODE2434,0.00127713920817369,1,783
202,488,INTNODE2434,0.00636942675159236,1,157
229,488,INTNODE2434,0.00236406619385343,2,846
244,488,INTNODE2434,0.0045045045045045,1,222
27,489,INTNODE2301,0.00219298245614035,1,456
30,489,INTNODE2301,0.00444444444444444,1,225
50,489,INTNODE2301,0.00161290322580645,1,620
72,489,INTNODE2301,0.00109170305676856,1,916
224,496,INTNODE2434,0.000571102227298686,1,1751
2,562,INTNODE1441,0.25,1,4
3,562,INTNODE2231,0.333333333333333,1,3
